Keyword,Monthly Searches,Competition,Opportunity Score,Total Results,Ads Count,Featured Snippet,People Also Ask,Knowledge Graph,Intent,Tail
üåü Star Symbol Text to Copy and Paste ‚úµ ‚ú∞ ‚ú∑ ‚ú≠ ‚úß ‚ú∏ ‚ú° ‚úÆ ‚ùÇ,555,0.3491,7.64,8080,0,No,Yes,No,informational,long-tail
STAR: A University of Hawaii Venture - Login,1111,0.4224,7.05,819000,0,No,No,No,informational,long-tail
Stars app,3333,0.57,6.07,8150000000,0,No,Yes,No,informational,short-tail
Star emoji,3333,0.57,6.07,318000000,0,No,Yes,No,informational,short-tail
Star picture,3333,0.57,6.07,5360000000,0,No,Yes,No,informational,short-tail
Star,5000,0.6,6.06,8600000000,0,No,Yes,Yes,informational,short-tail
Stars in space,2500,0.57,5.86,1660000000,0,No,Yes,No,informational,mid-tail
Star symbol,3333,0.6,5.78,1700000000,0,No,Yes,Yes,informational,short-tail
Star Series,3333,0.6,5.78,5390000000,0,No,Yes,Yes,informational,short-tail
Stars names,3333,0.6,5.78,8550000000,0,No,Yes,Yes,informational,short-tail
Star Movies,3333,0.6,5.78,5970000000,0,No,Yes,Yes,informational,short-tail
"Star, ID | Official Website",1666,0.57,5.56,3870000000,0,No,Yes,No,informational,long-tail
STAR resource center - Tax.NY.gov.,1666,0.57,5.56,40400000,0,No,Yes,No,informational,long-tail
What does star mean in slang?,1428,0.57,5.44,12400000,0,No,Yes,No,informational,long-tail
Using the STAR method for your next behavioral interview ...,909,0.5355,5.42,3290000,0,No,Yes,No,informational,long-tail
Star (TV Series 2016‚Äì2019),2000,0.6,5.41,1610000000,0,No,Yes,Yes,informational,long-tail
What is the meaning of star ‚≠ê?,1250,0.57,5.34,134000000,0,No,Yes,No,informational,long-tail
How do you type ‚òÜ on a keyboard?,1111,0.57,5.25,15600000,0,No,Yes,No,informational,long-tail
STAR Definition & Meaning,2000,0.75,4.34,367000000,0,Yes,Yes,Yes,informational,long-tail
What is the definition of a star?,1250,0.75,4.08,663000000,0,Yes,Yes,Yes,informational,long-tail
