Keyword,Monthly Searches,Competition,Opportunity Score,Total Results,Ads Count,Featured Snippet,People Also Ask,Knowledge Graph,Intent,Tail
Nothing India,3333,0.07,44.04,0,0,No,Yes,No,informational,short-tail
Nothing,5000,0.1,33.63,0,0,No,Yes,Yes,informational,short-tail
Nothing Bundt Cakes: Handcrafted Celebration Cakes For ...,1111,0.5021,5.95,1120000,0,No,Yes,No,informational,long-tail
Nothing Phone 3,2500,0.57,5.86,342000000,0,No,Yes,No,informational,mid-tail
Nothing Phone 1,2500,0.57,5.86,388000000,0,No,Yes,No,informational,mid-tail
Nothing Phone 2,2500,0.57,5.86,355000000,0,No,Yes,No,informational,mid-tail
Nothing game,3333,0.6,5.78,371000000,0,No,Yes,Yes,informational,short-tail
Nothing company,3333,0.6,5.78,772000000,0,No,Yes,Yes,informational,short-tail
Nothing Phone,3333,0.6,5.78,402000000,0,No,Yes,Yes,informational,short-tail
"What did ""nothing"" mean?",2000,0.57,5.69,597000000,0,No,Yes,No,informational,long-tail
CMF by Nothing,2500,0.6,5.57,12300000,0,No,Yes,Yes,informational,mid-tail
Nothing | US,2500,0.6,5.57,15110000000,0,No,Yes,Yes,informational,mid-tail
Is Nothing a Chinese brand?,1666,0.57,5.56,84600000,0,No,Yes,No,informational,long-tail
What is a word for nothing?,1428,0.57,5.44,600000000,0,No,Yes,No,informational,long-tail
Nothing (@nothing) â€¢ Instagram photos and videos,1250,0.57,5.34,378000000,0,No,Yes,No,informational,long-tail
What is the meaning of the word nothing?,1111,0.75,4.01,457000000,0,Yes,Yes,Yes,informational,long-tail
